"CheckID","CheckNumber","CheckOpen","CheckClose","AlternateID","SubTotal","Payment","CheckPostingTime","Due"
37829,116752,2023-03-03 09:01:28.983,2023-03-03 09:01:37.610,"1",,,2023-03-03 09:01:37.627,
37830,116753,2023-03-03 11:45:27.087,2023-03-03 12:39:13.117,B1,75.0000,75.0000,2023-03-03 12:39:14.350,
37831,116754,2023-03-03 12:30:31.220,2023-03-03 13:20:19.797,SOLO1,505.0000,505.0000,2023-03-03 13:20:20.547,
37832,116755,2023-03-03 13:33:56.363,2023-03-03 14:33:24.953,SOLO1,200.0000,200.0000,2023-03-03 14:33:25.657,
37833,116756,2023-03-03 14:20:19.997,2023-03-03 14:29:01.017,E1,95.0000,95.0000,2023-03-03 14:29:01.750,
37834,116757,2023-03-03 14:31:55.217,2023-03-03 14:33:10.657,,,,2023-03-03 14:33:10.657,
37835,116758,2023-03-03 15:28:47.433,2023-03-03 19:45:38.113,ATTA,110.0000,110.0000,2023-03-03 19:45:38.183,
37836,116759,2023-03-03 15:52:33.033,2023-03-03 17:05:08.500,E2,50.0000,50.0000,2023-03-03 17:05:09.237,
37837,116760,2023-03-03 15:58:34.677,2023-03-03 16:10:50.453,Q12,15.0000,15.0000,2023-03-03 16:10:50.517,
37838,116761,2023-03-03 16:16:03.973,2023-03-03 18:35:30.937,E3,235.0000,235.0000,2023-03-03 18:35:31.010,
37839,116762,2023-03-03 16:19:38.707,2023-03-03 17:52:29.807,J1,260.0000,260.0000,2023-03-03 17:52:30.407,
37840,116763,2023-03-03 16:32:44.403,2023-03-03 18:00:31.650,E4,100.0000,100.0000,2023-03-03 18:00:32.250,
37841,116764,2023-03-03 16:41:56.200,2023-03-03 17:40:28.760,E5,295.0000,295.0000,2023-03-03 17:40:29.380,
37842,116765,2023-03-03 17:13:53.487,2023-03-03 17:36:43.660,HOD,,,2023-03-03 17:36:43.943,
37843,116766,2023-03-03 17:45:44.903,2023-03-03 18:35:41.607,E6,135.0000,135.0000,2023-03-03 18:35:41.667,
37844,116767,2023-03-03 18:00:10.950,2023-03-03 19:01:54.863,N1,105.0000,105.0000,2023-03-03 19:01:55.460,
37845,116768,2023-03-03 18:08:22.420,2023-03-03 19:18:06.293,C11,145.0000,145.0000,2023-03-03 19:18:06.880,
37846,116769,2023-03-03 18:10:41.860,2023-03-03 18:11:06.653,FRONT,,,2023-03-03 18:11:06.653,
37847,116770,2023-03-03 18:13:02.520,2023-03-03 20:08:36.317,J2,730.0000,730.0000,2023-03-03 20:08:36.933,
37848,116771,2023-03-03 18:20:23.567,2023-03-03 18:20:33.157,Q23,,,2023-03-03 18:20:33.160,
37849,116772,2023-03-03 18:25:50.157,2023-03-03 19:07:19.067,J3,150.0000,150.0000,2023-03-03 19:07:19.660,
37850,116773,2023-03-03 18:28:10.173,2023-03-03 19:46:42.150,C5,400.0000,400.0000,2023-03-03 19:46:42.263,
37851,116774,2023-03-03 18:34:34.257,2023-03-03 18:43:56.600,CATHERINE,,,2023-03-03 18:43:56.663,
37852,116775,2023-03-03 18:39:54.960,2023-03-03 19:37:25.973,SIS AFUA,110.0000,110.0000,2023-03-03 19:37:26.560,
37853,116776,2023-03-03 18:53:09.103,2023-03-03 19:59:55.423,C3,160.0000,160.0000,2023-03-03 19:59:56.020,
37854,116777,2023-03-03 19:02:41.217,2023-03-03 22:31:37.187,Q45,30.0000,30.0000,2023-03-03 22:31:37.770,
37855,116778,2023-03-03 19:06:08.440,2023-03-03 20:02:51.730,Q21,85.0000,85.0000,2023-03-03 20:02:52.323,
37856,116779,2023-03-03 19:10:10.277,2023-03-03 21:32:56.113,E7,145.0000,145.0000,2023-03-03 21:32:56.723,
37857,116780,2023-03-03 19:19:56.537,2023-03-03 22:32:06.420,E8,520.0000,520.0000,2023-03-03 22:32:07.040,
37858,116781,2023-03-03 19:20:40.947,2023-03-03 22:30:55.710,,300.0000,300.0000,2023-03-03 22:30:56.297,
37859,116782,2023-03-03 19:22:06.643,2023-03-03 20:05:25.617,N2,190.0000,190.0000,2023-03-03 20:05:26.223,
37860,116783,2023-03-03 19:35:39.753,2023-03-03 22:19:14.207,SCAVI,720.0000,720.0000,2023-03-03 22:19:14.290,
37861,116784,2023-03-03 19:40:32.897,2023-03-03 20:30:49.677,N3,215.0000,215.0000,2023-03-03 20:30:50.283,
37862,116785,2023-03-03 19:42:44.513,2023-03-03 21:30:52.153,Q24,440.0000,440.0000,2023-03-03 21:30:52.780,
37863,116786,2023-03-03 19:44:04.560,2023-03-03 19:59:37.823,,,,2023-03-03 19:59:37.890,
37864,116787,2023-03-03 19:48:40.090,2023-03-03 21:52:13.617,J4,245.0000,245.0000,2023-03-03 21:52:14.223,
37865,116788,2023-03-03 19:59:08.293,2023-03-03 21:35:06.493,C4,891.0000,891.0000,2023-03-03 21:35:07.173,
37866,116789,2023-03-03 20:05:38.237,2023-03-03 20:07:25.787,E9,30.0000,30.0000,2023-03-03 20:07:26.377,
37867,116790,2023-03-03 20:16:58.300,2023-03-03 21:50:39.807,N4,80.0000,80.0000,2023-03-03 21:50:40.400,
37868,116791,2023-03-03 20:32:18.827,2023-03-03 20:38:12.073,,25.0000,25.0000,2023-03-03 20:38:12.647,
37869,116792,2023-03-03 20:34:44.393,2023-03-03 22:25:23.337,,200.0000,200.0000,2023-03-03 22:25:23.930,
37870,116793,2023-03-03 20:40:47.430,2023-03-03 20:50:26.580,N6,40.0000,40.0000,2023-03-03 20:50:27.177,
37871,116794,2023-03-03 20:41:30.180,2023-03-03 21:52:48.630,J5,285.0000,285.0000,2023-03-03 21:52:49.227,
37872,116795,2023-03-03 20:40:55.327,2023-03-03 20:41:38.537,GABB,,,2023-03-03 20:41:38.537,
37873,116796,2023-03-03 20:41:58.003,2023-03-03 22:18:31.880,,125.0000,125.0000,2023-03-03 22:18:31.950,
37874,116797,2023-03-03 20:44:55.483,2023-03-03 22:00:36.510,E10,140.0000,140.0000,2023-03-03 22:00:37.100,
37875,116798,2023-03-03 20:46:52.593,2023-03-03 20:49:07.503,DEL,45.0000,45.0000,2023-03-03 20:49:07.563,
37876,116799,2023-03-03 20:49:21.767,2023-03-03 22:13:04.477,OBED,50.0000,50.0000,2023-03-03 22:13:04.547,
37877,116800,2023-03-03 20:51:29.077,2023-03-03 20:52:24.753,,,,2023-03-03 20:52:24.753,
37878,116801,2023-03-03 20:52:55.683,2023-03-04 01:19:44.393,"7209",95.0000,95.0000,2023-03-04 01:19:44.990,
37879,116802,2023-03-03 20:56:02.330,2023-03-03 21:35:31.433,C6,75.0000,75.0000,2023-03-03 21:35:32.030,
37880,116803,2023-03-03 21:11:13.280,2023-03-03 21:11:35.977,PIZZA,,,2023-03-03 21:11:35.977,
37881,116804,2023-03-03 21:12:21.950,2023-03-03 21:12:29.657,EE,110.0000,110.0000,2023-03-03 21:12:30.243,
37882,116805,2023-03-03 21:13:17.423,2023-03-03 21:14:23.940,,25.0000,25.0000,2023-03-03 21:14:24.523,
37883,116806,2023-03-03 21:13:47.237,2023-03-03 21:18:45.770,PORK,30.0000,30.0000,2023-03-03 21:18:46.360,
37884,116807,2023-03-03 21:21:15.820,2023-03-03 22:26:04.917,J6,230.0000,230.0000,2023-03-03 22:26:05.000,
37885,116808,2023-03-03 21:30:54.947,2023-03-03 21:51:04.757,C7,15.0000,15.0000,2023-03-03 21:51:05.347,
37886,116809,2023-03-03 21:33:49.157,2023-03-03 21:35:45.807,GOAT,30.0000,30.0000,2023-03-03 21:35:46.383,
37887,116810,2023-03-03 21:36:51.283,2023-03-03 22:32:44.857,LIVE BAND,,,2023-03-03 22:32:44.927,
37888,116811,2023-03-03 21:37:04.683,2023-03-03 22:39:15.487,O,75.0000,75.0000,2023-03-03 22:39:16.077,
37889,116812,2023-03-03 21:37:34.923,2023-03-03 23:19:25.390,PORK 2,150.0000,150.0000,2023-03-03 23:19:25.987,
37890,100302,2023-03-03 21:42:03.160,2023-03-03 21:44:54.643,KAIPTC,10909.2500,10909.2500,2023-03-03 21:44:55.173,
37891,116813,2023-03-03 21:45:41.667,2023-03-03 22:12:16.660,BB,25.0000,25.0000,2023-03-03 22:12:17.253,
37892,100303,2023-03-03 21:45:43.637,2023-03-03 21:47:12.300,Ghana Reinsurance,50579.2500,50579.2500,2023-03-03 21:47:12.753,
37893,116814,2023-03-03 21:49:54.847,2023-03-03 22:12:43.667,PORK 1,30.0000,30.0000,2023-03-03 22:12:44.247,
37894,116815,2023-03-03 21:53:32.763,2023-03-03 21:54:28.463,SETH,,,2023-03-03 21:54:28.463,
37895,116816,2023-03-03 21:54:45.650,2023-03-03 22:47:10.657,SETH,285.0000,285.0000,2023-03-03 22:47:11.250,
37896,116817,2023-03-03 21:56:22.477,2023-03-03 22:49:39.327,MOD,,,2023-03-03 22:49:39.400,
37897,116818,2023-03-03 21:57:25.430,2023-03-03 21:59:46.837,,35.0000,35.0000,2023-03-03 21:59:47.430,
37898,116819,2023-03-03 22:40:04.973,2023-03-04 01:15:14.627,AGY,60.0000,60.0000,2023-03-04 01:15:14.693,
37899,116820,2023-03-03 22:41:51.007,2023-03-03 22:42:07.073,LAST,,,2023-03-03 22:42:07.073,
37900,116821,2023-03-03 22:41:49.307,2023-03-03 22:42:36.763,J99,100.0000,100.0000,2023-03-03 22:42:37.350,
37901,116822,2023-03-03 22:44:08.790,2023-03-03 22:48:45.960,J10,30.0000,30.0000,2023-03-03 22:48:46.530,
37902,116823,2023-03-03 22:49:51.700,2023-03-03 22:51:17.497,J1,50.0000,50.0000,2023-03-03 22:51:18.083,
37903,116824,2023-03-03 22:56:20.663,2023-03-03 22:56:45.130,HG,,,2023-03-03 22:56:45.130,
37904,116825,2023-03-03 23:40:37.973,2023-03-04 01:28:48.290,J11,1230.0000,1230.0000,2023-03-04 01:28:48.887,
37905,116826,2023-03-03 23:50:44.660,2023-03-04 01:20:59.267,J12,245.0000,245.0000,2023-03-04 01:20:59.867,
37906,116827,2023-03-04 00:04:20.357,2023-03-04 00:04:38.307,E,,,2023-03-04 00:04:38.307,
37907,116828,2023-03-04 00:06:36.420,2023-03-04 00:08:45.097,,,,2023-03-04 00:08:45.097,
37908,116829,2023-03-04 00:08:55.650,2023-03-04 01:31:07.620,J13,2635.0000,2635.0000,2023-03-04 01:31:07.703,
37909,116830,2023-03-04 00:30:29.727,2023-03-04 01:22:16.103,J14,45.0000,45.0000,2023-03-04 01:22:16.683,
37910,116831,2023-03-04 00:37:32.323,2023-03-04 01:21:38.807,J15,25.0000,25.0000,2023-03-04 01:21:39.397,
37911,116832,2023-03-04 00:39:53.387,2023-03-04 01:31:30.310,J16,90.0000,90.0000,2023-03-04 01:31:30.380,
37912,116833,2023-03-04 01:16:20.997,2023-03-04 01:20:19.613,J,60.0000,60.0000,2023-03-04 01:20:20.203,
37913,116834,2023-03-04 08:47:08.670,2023-03-04 10:50:34.123,"1",190.0000,190.0000,2023-03-04 10:50:34.747,
37914,116835,2023-03-04 08:48:17.380,2023-03-05 08:12:21.843,SOLO1,10.0000,10.0000,2023-03-05 08:12:22.433,
37915,116836,2023-03-04 08:53:38.887,2023-03-04 08:58:06.543,T MEM,320.0000,320.0000,2023-03-04 08:58:06.637,
37916,116837,2023-03-04 08:55:48.280,2023-03-04 09:18:36.047,SS,20.0000,20.0000,2023-03-04 09:18:36.123,
37917,116838,2023-03-04 09:38:23.293,2023-03-04 09:39:54.097,ANN1,30.0000,30.0000,2023-03-04 09:39:54.697,
37918,116839,2023-03-04 10:04:07.963,2023-03-04 10:35:59.703,"3",170.0000,170.0000,2023-03-04 10:36:00.303,
37919,116840,2023-03-04 10:51:55.707,2023-03-04 10:52:26.023,ANN2,20.0000,20.0000,2023-03-04 10:52:26.613,
37920,116841,2023-03-04 10:52:45.040,2023-03-04 10:56:32.890,WALK IN,250.0000,250.0000,2023-03-04 10:56:33.523,
37921,116842,2023-03-04 11:00:01.793,2023-03-04 11:46:40.543,ANN3,275.0000,275.0000,2023-03-04 11:46:41.127,
37922,116843,2023-03-04 11:00:56.467,2023-03-04 12:43:09.480,ANN4,80.0000,80.0000,2023-03-04 12:43:09.577,
37923,116844,2023-03-04 11:01:27.983,2023-03-04 11:03:43.863,SOLO2,125.0000,125.0000,2023-03-04 11:03:44.467,
37924,116845,2023-03-04 11:11:28.020,2023-03-04 11:12:00.487,TTT,15.0000,15.0000,2023-03-04 11:12:01.077,
37925,116846,2023-03-04 11:33:16.177,2023-03-04 12:57:28.563,OUT,265.0000,265.0000,2023-03-04 12:57:29.170,
37926,116847,2023-03-04 11:35:28.210,2023-03-04 12:24:35.420,IT,25.0000,25.0000,2023-03-04 12:24:36.003,
37927,116848,2023-03-04 12:22:53.390,2023-03-04 12:48:18.680,ANN5,125.0000,125.0000,2023-03-04 12:48:19.270,
37928,116849,2023-03-04 12:23:47.350,2023-03-04 13:12:42.220,SOLO3,155.0000,155.0000,2023-03-04 13:12:42.820,
37929,116850,2023-03-04 12:36:25.597,2023-03-04 12:37:18.790,SS,,,2023-03-04 12:37:18.800,
37930,116851,2023-03-04 12:40:12.007,2023-03-04 15:57:00.767,SS,150.0000,150.0000,2023-03-04 15:57:00.863,
37931,116852,2023-03-04 12:51:53.483,2023-03-04 14:38:10.977,ITT,115.0000,115.0000,2023-03-04 14:38:11.050,
37932,116853,2023-03-04 12:59:08.010,2023-03-04 13:38:53.487,SSS1,80.0000,80.0000,2023-03-04 13:38:53.557,
37933,116854,2023-03-04 13:07:24.847,2023-03-04 14:38:40.223,,15.0000,15.0000,2023-03-04 14:38:40.290,
37934,116855,2023-03-04 13:11:02.007,2023-03-04 13:12:17.387,N,20.0000,20.0000,2023-03-04 13:12:17.960,
37935,116856,2023-03-04 13:46:37.827,2023-03-04 14:47:10.680,C1,260.0000,260.0000,2023-03-04 14:47:11.307,
37936,116857,2023-03-04 13:47:08.547,2023-03-04 18:20:35.950,V5,20.0000,20.0000,2023-03-04 18:20:36.553,
37937,116858,2023-03-04 13:56:06.900,2023-03-04 16:17:17.470,V6,90.0000,90.0000,2023-03-04 16:17:18.073,
37938,116859,2023-03-04 13:57:01.390,2023-03-04 14:37:58.733,C7,220.0000,220.0000,2023-03-04 14:37:58.810,
37939,116860,2023-03-04 14:14:26.443,2023-03-04 15:56:27.103,SSS2,45.0000,45.0000,2023-03-04 15:56:27.173,
37940,116861,2023-03-04 14:40:10.870,2023-03-04 15:53:52.413,SOLO5,245.0000,245.0000,2023-03-04 15:53:53.027,
37941,116862,2023-03-04 14:49:16.840,2023-03-04 16:02:43.927,"33",265.0000,265.0000,2023-03-04 16:02:44.540,
37942,116863,2023-03-04 14:53:53.953,2023-03-04 15:53:00.613,SOLO6,265.0000,265.0000,2023-03-04 15:53:01.210,
37943,116864,2023-03-04 14:55:29.763,2023-03-04 16:04:25.457,C88,20.0000,20.0000,2023-03-04 16:04:26.070,
37944,116865,2023-03-04 14:59:04.980,2023-03-04 15:41:11.977,SOLO7,40.0000,40.0000,2023-03-04 15:41:12.567,
37945,116866,2023-03-04 15:02:42.483,2023-03-04 15:03:24.707,C99,,,2023-03-04 15:03:24.707,
37946,116867,2023-03-04 15:06:45.500,2023-03-04 16:07:21.703,C099,455.0000,455.0000,2023-03-04 16:07:22.337,
37947,116868,2023-03-04 15:16:05.787,2023-03-04 15:17:35.760,BLACK,130.0000,130.0000,2023-03-04 15:17:36.350,
37948,116869,2023-03-04 15:19:01.580,2023-03-04 15:51:24.943,"44",240.0000,240.0000,2023-03-04 15:51:25.543,
37949,116870,2023-03-04 15:30:18.610,2023-03-04 16:04:06.903,CC,20.0000,20.0000,2023-03-04 16:04:07.493,
37950,116871,2023-03-04 15:47:36.240,2023-03-04 15:56:06.370,SSSS,15.0000,15.0000,2023-03-04 15:56:06.437,
37951,116872,2023-03-04 15:54:53.240,2023-03-04 16:03:29.390,VV,15.0000,15.0000,2023-03-04 16:03:29.980,
37952,116873,2023-03-04 16:04:59.457,2023-03-04 17:19:25.713,B2,210.0000,210.0000,2023-03-04 17:19:26.313,
37953,116874,2023-03-04 16:20:54.687,2023-03-04 16:40:55.367,B5,100.0000,100.0000,2023-03-04 16:40:55.973,
37954,116875,2023-03-04 16:25:07.677,2023-03-04 17:18:31.610,B6,110.0000,110.0000,2023-03-04 17:18:32.210,
37955,116876,2023-03-04 16:34:53.797,2023-03-04 17:27:12.070,B7,105.0000,105.0000,2023-03-04 17:27:12.667,
37956,116877,2023-03-04 16:47:21.743,2023-03-04 18:35:05.007,B10,315.0000,315.0000,2023-03-04 18:35:05.610,
37957,116878,2023-03-04 16:52:13.100,2023-03-04 17:19:00.767,BB,30.0000,30.0000,2023-03-04 17:19:01.353,
37958,116879,2023-03-04 16:58:18.987,2023-03-04 17:40:40.287,MAT.,75.0000,75.0000,2023-03-04 17:40:40.877,
37959,116880,2023-03-04 17:05:17.173,2023-03-04 17:44:59.910,"7205",140.0000,140.0000,2023-03-04 17:45:00.493,
37960,116881,2023-03-04 17:06:51.827,2023-03-04 18:07:08.223,C1,125.0000,125.0000,2023-03-04 18:07:08.813,
37961,116882,2023-03-04 17:26:16.137,2023-03-04 18:26:17.817,T3,410.0000,410.0000,2023-03-04 18:26:17.913,
37962,116883,2023-03-04 17:30:01.923,2023-03-04 17:32:48.363,,,,2023-03-04 17:32:48.363,
37963,116884,2023-03-04 17:37:19.007,2023-03-04 19:07:15.277,E1,290.0000,290.0000,2023-03-04 19:07:15.897,
37964,116885,2023-03-04 17:39:27.903,2023-03-04 17:53:36.983,CATHERINE,,,2023-03-04 17:53:37.050,
37965,116886,2023-03-04 17:47:46.573,2023-03-04 19:03:06.287,B11,240.0000,240.0000,2023-03-04 19:03:06.880,
37966,7025,2023-03-04 17:52:07.243,2023-03-04 19:18:00.877,R1,550.0000,550.0000,2023-03-04 19:18:01.517,
37967,116887,2023-03-04 17:54:15.597,2023-03-04 18:28:12.710,T4,215.0000,215.0000,2023-03-04 18:28:12.793,
37968,116888,2023-03-04 17:57:04.837,2023-03-04 18:40:07.767,VVV,225.0000,225.0000,2023-03-04 18:40:08.347,
37969,116889,2023-03-04 18:01:45.317,2023-03-04 18:06:16.590,"7",20.0000,20.0000,2023-03-04 18:06:17.183,
37970,116890,2023-03-04 18:03:07.190,2023-03-04 18:16:39.520,B66,130.0000,130.0000,2023-03-04 18:16:39.603,
37971,116891,2023-03-04 18:19:12.957,2023-03-04 18:19:26.657,DEL,15.0000,15.0000,2023-03-04 18:19:26.727,
37972,116892,2023-03-04 18:20:02.273,2023-03-04 19:07:42.227,IN,165.0000,165.0000,2023-03-04 19:07:42.840,
37973,116893,2023-03-04 18:23:39.100,2023-03-04 18:39:20.297,LONG,140.0000,140.0000,2023-03-04 18:39:20.883,
37974,116894,2023-03-04 18:30:46.137,2023-03-04 19:52:38.943,R2,200.0000,200.0000,2023-03-04 19:52:39.553,
37975,116895,2023-03-04 18:37:12.687,2023-03-04 19:18:44.443,C6,145.0000,145.0000,2023-03-04 19:18:45.047,
37976,116896,2023-03-04 18:47:35.273,2023-03-04 19:06:58.593,DEL,90.0000,90.0000,2023-03-04 19:06:59.193,
37977,116897,2023-03-04 18:50:09.623,2023-03-04 19:12:48.723,BOSS,75.0000,75.0000,2023-03-04 19:12:49.313,
37978,116898,2023-03-04 18:50:32.050,2023-03-04 20:53:45.407,LD,,,2023-03-04 20:10:24.260,
37979,116899,2023-03-04 18:52:12.543,2023-03-04 18:52:21.880,,,,2023-03-04 18:52:21.883,
37980,116900,2023-03-04 18:52:50.203,2023-03-04 22:40:32.287,B4,25.0000,25.0000,2023-03-04 22:40:32.353,
37981,116901,2023-03-04 18:58:30.963,2023-03-04 20:33:36.890,BURGER,195.0000,195.0000,2023-03-04 20:33:37.493,
37982,116902,2023-03-04 19:01:16.877,2023-03-04 19:02:28.970,STEPHEN/PORTER,50.0000,50.0000,2023-03-04 19:02:29.567,
37983,116903,2023-03-04 19:02:14.580,2023-03-04 19:03:43.563,C5,150.0000,150.0000,2023-03-04 19:03:44.157,
37984,116904,2023-03-04 19:02:20.870,2023-03-04 19:28:29.853,E2,95.0000,95.0000,2023-03-04 19:28:30.457,
37985,116905,2023-03-04 19:02:58.973,2023-03-04 19:03:29.763,C77,,,2023-03-04 19:03:29.763,
37986,116906,2023-03-04 19:07:34.863,2023-03-04 20:06:54.597,GG,190.0000,190.0000,2023-03-04 20:06:55.197,
37987,116907,2023-03-04 19:13:37.617,2023-03-04 20:25:47.117,E3,270.0000,270.0000,2023-03-04 20:25:47.710,
37988,116908,2023-03-04 19:16:29.833,2023-03-04 20:25:28.393,B22,200.0000,200.0000,2023-03-04 20:25:28.997,
37989,116909,2023-03-04 19:18:54.817,2023-03-04 19:52:07.687,E4,350.0000,350.0000,2023-03-04 19:52:08.327,
37990,116910,2023-03-04 19:33:18.847,2023-03-04 21:04:05.437,HI,220.0000,220.0000,2023-03-04 21:04:06.040,
37991,116911,2023-03-04 19:33:38.853,2023-03-04 20:39:21.677,,360.0000,360.0000,2023-03-04 20:39:21.757,
37992,116912,2023-03-04 19:41:27.800,2023-03-04 20:47:44.687,BOSS,750.0000,750.0000,2023-03-04 20:47:45.423,
37993,116913,2023-03-04 19:48:27.167,2023-03-04 21:32:29.417,R5,100.0000,100.0000,2023-03-04 21:32:29.997,
37994,116914,2023-03-04 19:55:03.653,2023-03-04 19:55:24.947,E5,20.0000,20.0000,2023-03-04 19:55:25.533,
37995,116915,2023-03-04 19:56:24.800,2023-03-04 19:57:08.523,CCC,,,2023-03-04 19:57:08.523,
37996,116916,2023-03-04 19:57:25.247,2023-03-04 20:51:25.647,E6,375.0000,375.0000,2023-03-04 20:51:26.280,
37997,116917,2023-03-04 20:00:22.097,2023-03-04 21:07:42.580,CCC,335.0000,335.0000,2023-03-04 21:07:43.213,
37998,116918,2023-03-04 20:02:44.890,2023-03-04 21:59:49.943,R6,570.0000,570.0000,2023-03-04 21:59:50.543,
37999,116919,2023-03-04 20:04:47.917,2023-03-04 20:21:28.560,VV,130.0000,130.0000,2023-03-04 20:21:29.167,
38000,116920,2023-03-04 20:22:36.623,2023-03-04 20:22:56.283,,,,2023-03-04 20:22:56.283,
38001,116921,2023-03-04 20:26:37.557,2023-03-04 22:56:39.967,,,,2023-03-04 22:56:40.057,
38002,116922,2023-03-04 20:28:26.377,2023-03-04 21:31:50.037,R7,250.0000,250.0000,2023-03-04 21:31:50.633,
38003,116923,2023-03-04 20:35:49.143,2023-03-04 22:01:47.873,"7326",325.0000,325.0000,2023-03-04 22:01:48.510,
38004,116924,2023-03-04 20:43:55.950,2023-03-04 22:41:07.420,,375.0000,375.0000,2023-03-04 22:41:07.510,
38005,116925,2023-03-04 20:45:54.630,2023-03-04 21:20:03.227,DEL,25.0000,25.0000,2023-03-04 21:20:03.310,
38006,116926,2023-03-04 20:47:59.303,2023-03-04 20:51:37.440,E7,30.0000,30.0000,2023-03-04 20:51:37.507,
38007,116927,2023-03-04 20:52:56.787,2023-03-04 21:32:56.500,GIRL,45.0000,45.0000,2023-03-04 21:32:57.093,
38008,116928,2023-03-04 20:55:49.447,2023-03-04 21:56:55.927,B20,70.0000,70.0000,2023-03-04 21:56:56.517,
38009,116929,2023-03-04 21:01:44.260,2023-03-04 22:19:00.830,E9,515.0000,515.0000,2023-03-04 22:19:01.457,
38010,116930,2023-03-04 21:02:47.303,2023-03-04 21:46:15.560,,120.0000,120.0000,2023-03-04 21:46:16.157,
38011,116931,2023-03-04 21:11:57.623,2023-03-04 22:13:12.213,T@BOSS,590.0000,590.0000,2023-03-04 22:13:12.823,
38012,116932,2023-03-04 21:16:32.383,2023-03-04 21:17:37.363,B6,,,2023-03-04 21:17:37.367,
38013,116933,2023-03-04 21:17:00.323,2023-03-04 22:03:02.470,R8,25.0000,25.0000,2023-03-04 22:03:03.050,
38014,116934,2023-03-04 21:21:19.330,2023-03-04 21:21:52.733,DAN@SO,160.0000,160.0000,2023-03-04 21:21:53.317,
38015,116935,2023-03-04 21:21:30.927,2023-03-04 22:51:22.567,C3,170.0000,170.0000,2023-03-04 22:51:23.167,
38016,116936,2023-03-04 21:22:51.653,2023-03-04 21:43:34.147,MOD,,,2023-03-04 21:43:34.217,
38017,116937,2023-03-04 21:32:56.327,2023-03-04 22:57:52.870,VVV,599.0000,599.0000,2023-03-04 22:57:52.977,
38018,116938,2023-03-04 21:35:52.177,2023-03-04 22:58:03.333,DD,160.0000,160.0000,2023-03-04 22:58:03.407,
38019,116939,2023-03-04 21:44:32.893,2023-03-04 22:32:48.937,EE,150.0000,150.0000,2023-03-04 22:32:49.020,
38020,116940,2023-03-04 21:52:10.967,2023-03-04 22:43:14.410,FAM,365.0000,365.0000,2023-03-04 22:43:15.017,
38021,116941,2023-03-04 21:55:51.303,2023-03-04 21:58:45.627,PATRON,90.0000,90.0000,2023-03-04 21:58:46.217,
38022,116942,2023-03-04 22:10:44.330,2023-03-04 22:36:29.113,R1,330.0000,330.0000,2023-03-04 22:36:29.177,
38023,116943,2023-03-04 22:52:19.863,2023-03-04 22:52:54.830,J1,,,2023-03-04 22:52:54.830,
38024,116944,2023-03-05 00:29:53.503,2023-03-05 02:08:27.957,J@NIGHT,25.0000,25.0000,2023-03-05 02:08:28.540,
38025,116945,2023-03-05 07:52:56.847,2023-03-05 10:28:53.440,ANN1,374.0000,374.0000,2023-03-05 10:28:54.057,
38026,116946,2023-03-05 08:04:11.130,2023-03-05 08:05:22.863,"6",125.0000,125.0000,2023-03-05 08:05:23.457,
38027,116947,2023-03-05 08:07:44.677,2023-03-05 10:29:55.603,ANN2,50.0000,50.0000,2023-03-05 10:29:56.190,
38028,116948,2023-03-05 08:08:44.033,2023-03-05 09:18:06.237,SOLO2,35.0000,35.0000,2023-03-05 09:18:06.820,
38029,116949,2023-03-05 08:19:05.063,2023-03-05 09:21:13.273,ANN3,15.0000,15.0000,2023-03-05 09:21:13.857,
38030,116950,2023-03-05 08:22:40.410,2023-03-05 09:19:18.767,"1",125.0000,125.0000,2023-03-05 09:19:19.377,
38031,116951,2023-03-05 08:23:16.130,2023-03-05 09:20:31.657,"2",135.0000,135.0000,2023-03-05 09:20:32.257,
38032,116952,2023-03-05 08:24:21.057,2023-03-05 09:20:02.767,GH,70.0000,70.0000,2023-03-05 09:20:03.350,
38033,116953,2023-03-05 08:25:30.603,2023-03-05 11:39:53.940,"5",750.0000,750.0000,2023-03-05 11:39:54.567,
38034,116954,2023-03-05 08:52:06.710,2023-03-05 09:46:50.460,"3",125.0000,125.0000,2023-03-05 09:46:50.533,
38035,116955,2023-03-05 08:55:35.427,2023-03-05 08:55:45.987,WALK IN,,,2023-03-05 08:55:45.987,
38036,116956,2023-03-05 09:24:27.743,2023-03-05 09:24:45.750,Y,,,2023-03-05 09:24:45.750,
38037,116957,2023-03-05 09:59:31.987,2023-03-05 11:32:47.980,SOLO1,25.0000,25.0000,2023-03-05 11:32:48.557,
38038,116958,2023-03-05 09:59:12.403,2023-03-05 10:28:20.233,TN,,,2023-03-05 10:28:20.233,
38039,116959,2023-03-05 10:04:48.983,2023-03-05 11:33:48.217,"1",15.0000,15.0000,2023-03-05 11:33:48.817,
38040,116960,2023-03-05 10:35:03.110,2023-03-05 13:48:41.513,ANN5,845.0000,845.0000,2023-03-05 13:48:42.147,
38041,116961,2023-03-05 11:16:08.503,2023-03-05 11:47:20.210,ANN4,65.0000,65.0000,2023-03-05 11:47:20.790,
38042,116962,2023-03-05 11:29:12.010,2023-03-05 11:31:41.470,"6",150.0000,150.0000,2023-03-05 11:31:42.070,
38043,116963,2023-03-05 11:29:33.367,2023-03-05 11:32:14.973,ANN6,95.0000,95.0000,2023-03-05 11:32:15.550,
38044,116964,2023-03-05 11:34:09.047,2023-03-05 11:39:08.097,ANN6,80.0000,80.0000,2023-03-05 11:39:08.693,
38045,116965,2023-03-05 11:40:54.763,2023-03-05 11:48:13.997,ANN7,50.0000,50.0000,2023-03-05 11:48:14.580,
38046,116966,2023-03-05 11:52:04.677,2023-03-05 12:01:11.650,ANN8,80.0000,80.0000,2023-03-05 12:01:12.257,
38047,116967,2023-03-05 12:02:20.160,2023-03-05 13:57:33.063,OUT,490.0000,490.0000,2023-03-05 13:57:33.680,
38048,116968,2023-03-05 12:04:12.947,2023-03-05 12:21:49.687,TM,120.0000,120.0000,2023-03-05 12:21:49.753,
38049,116969,2023-03-05 12:10:15.917,2023-03-05 13:29:06.363,INN,85.0000,85.0000,2023-03-05 13:29:06.950,
38050,116970,2023-03-05 12:39:54.797,2023-03-05 12:42:17.023,ANN8,80.0000,80.0000,2023-03-05 12:42:17.620,
38051,116971,2023-03-05 13:02:33.687,2023-03-05 13:55:05.867,"7",35.0000,35.0000,2023-03-05 13:55:06.457,
38052,116972,2023-03-05 13:12:27.447,2023-03-05 13:17:48.707,TKK,85.0000,85.0000,2023-03-05 13:17:49.303,
38053,116973,2023-03-05 13:16:48.333,2023-03-05 14:25:20.800,"4",600.0000,600.0000,2023-03-05 14:25:21.387,
38054,116974,2023-03-05 13:17:37.100,2023-03-05 13:32:22.143,ANN9,125.0000,125.0000,2023-03-05 13:32:22.740,
38055,116975,2023-03-05 13:18:20.933,2023-03-05 13:59:21.000,SAN,330.0000,330.0000,2023-03-05 13:59:21.597,
38056,116976,2023-03-05 13:18:12.103,2023-03-05 14:01:47.320,GG,,,2023-03-05 14:01:47.427,
38057,116977,2023-03-05 13:20:12.600,2023-03-05 13:41:26.980,ANN10,165.0000,165.0000,2023-03-05 13:41:27.577,
38058,116978,2023-03-05 13:24:06.117,2023-03-05 13:24:22.653,T,,,2023-03-05 13:24:22.653,
38059,116979,2023-03-05 13:25:09.500,2023-03-05 15:38:26.710,GHGH,,,2023-03-05 15:38:26.803,
38060,116980,2023-03-05 13:27:54.877,2023-03-05 13:28:30.990,VOLTIC,270.0000,270.0000,2023-03-05 13:28:31.580,
38061,116981,2023-03-05 13:32:55.470,2023-03-05 13:33:20.373,TN,60.0000,60.0000,2023-03-05 13:33:20.950,
38062,116982,2023-03-05 14:09:03.857,2023-03-05 14:09:30.507,,,,2023-03-05 14:09:30.507,
38063,300618,2023-03-05 14:09:48.313,2023-03-05 14:09:53.913,Y,,,2023-03-05 14:09:53.913,
38064,116983,2023-03-05 14:14:12.387,2023-03-05 15:06:41.177,R1,80.0000,80.0000,2023-03-05 15:06:41.897,
38065,116984,2023-03-05 14:16:32.637,2023-03-05 15:10:49.517,C12,375.0000,375.0000,2023-03-05 15:10:50.233,
38066,300619,2023-03-05 14:17:02.557,2023-03-05 14:31:44.597,TEST,,,2023-03-05 14:31:44.597,
38067,200008,2023-03-05 14:33:20.240,2023-03-05 14:33:39.087,,,,2023-03-05 14:33:39.087,
38068,116985,2023-03-05 14:35:36.313,2023-03-05 15:02:16.280,C5,125.0000,125.0000,2023-03-05 15:02:17.097,
38069,116986,2023-03-05 14:58:21.257,2023-03-05 15:19:05.497,R2,120.0000,120.0000,2023-03-05 15:19:06.730,
38070,116987,2023-03-05 15:08:05.460,2023-03-05 16:07:15.390,C66,165.0000,165.0000,2023-03-05 16:07:15.500,
38071,116988,2023-03-05 15:13:01.490,2023-03-05 16:20:08.340,VV,635.0000,635.0000,2023-03-05 16:20:08.427,
38072,116989,2023-03-05 15:39:58.230,2023-03-05 17:15:39.953,Q44,605.0000,605.0000,2023-03-05 17:15:40.637,
38073,116990,2023-03-05 15:50:53.613,2023-03-05 16:05:21.513,Q41,165.0000,165.0000,2023-03-05 16:05:22.260,
38074,116991,2023-03-05 16:04:03.043,2023-03-05 18:46:33.633,C,5.0000,5.0000,2023-03-05 18:46:34.283,
38075,116992,2023-03-05 16:11:15.967,2023-03-05 17:55:12.370,LDS,330.0000,330.0000,2023-03-05 17:55:12.947,
38076,116993,2023-03-05 16:27:52.820,2023-03-05 16:57:25.347,Q23,175.0000,175.0000,2023-03-05 16:57:26.117,
38077,116994,2023-03-05 16:38:00.433,2023-03-05 16:38:12.727,CW,,,2023-03-05 16:38:12.727,
38078,116995,2023-03-05 16:41:32.310,2023-03-05 17:12:27.193,C3,60.0000,60.0000,2023-03-05 17:12:28.440,
38079,116996,2023-03-05 16:55:00.060,2023-03-05 16:59:19.327,YT,105.0000,105.0000,2023-03-05 16:59:19.387,
38080,116997,2023-03-05 16:57:56.517,2023-03-05 17:51:07.397,C5,220.0000,220.0000,2023-03-05 17:51:07.463,
38081,116998,2023-03-05 17:00:44.870,2023-03-05 18:07:27.560,Q21,345.0000,345.0000,2023-03-05 18:07:28.273,
38082,116999,2023-03-05 17:02:01.130,2023-03-05 19:14:51.847,BO@G,450.0000,450.0000,2023-03-05 19:14:52.543,
38083,117000,2023-03-05 17:04:56.170,2023-03-05 19:40:18.453,C7,405.0000,405.0000,2023-03-05 19:40:18.547,
38084,117001,2023-03-05 17:05:44.017,2023-03-05 17:12:45.243,V,50.0000,50.0000,2023-03-05 17:12:45.307,
38085,117002,2023-03-05 17:06:56.450,2023-03-05 18:08:05.157,R2,220.0000,220.0000,2023-03-05 18:08:05.857,
38086,117003,2023-03-05 17:10:11.337,2023-03-05 17:54:43.347,T4,215.0000,215.0000,2023-03-05 17:54:43.920,
38087,117004,2023-03-05 17:15:56.290,2023-03-05 18:21:02.800,R3,115.0000,115.0000,2023-03-05 18:21:02.863,
38088,117005,2023-03-05 17:27:01.353,2023-03-05 17:41:32.743,MOD,,,2023-03-05 17:41:32.800,
38089,117006,2023-03-05 17:27:52.670,2023-03-05 17:51:30.263,DD,25.0000,25.0000,2023-03-05 17:51:30.313,
38090,117007,2023-03-05 17:32:10.080,2023-03-05 18:41:03.737,C2,175.0000,175.0000,2023-03-05 18:41:04.457,
38091,117008,2023-03-05 17:36:58.963,2023-03-05 18:28:55.473,Q22,75.0000,75.0000,2023-03-05 18:28:56.177,
38092,117009,2023-03-05 17:39:59.527,2023-03-05 17:51:44.880,T5,105.0000,105.0000,2023-03-05 17:51:44.947,
38093,117010,2023-03-05 17:48:37.550,2023-03-05 18:37:32.420,X,155.0000,155.0000,2023-03-05 18:37:33.110,
38094,117011,2023-03-05 18:00:14.150,2023-03-05 18:33:29.023,CQ,315.0000,315.0000,2023-03-05 18:33:29.103,
38095,117012,2023-03-05 18:04:56.543,2023-03-05 18:05:08.940,,,,2023-03-05 18:05:08.943,
38096,117013,2023-03-05 18:05:04.170,2023-03-05 18:59:50.133,SS,300.0000,300.0000,2023-03-05 18:59:50.210,
38097,117014,2023-03-05 18:05:57.517,2023-03-05 18:06:04.547,,,,2023-03-05 18:06:04.547,
38098,117015,2023-03-05 18:30:09.633,2023-03-05 19:57:18.407,NURSE@1,215.0000,215.0000,2023-03-05 19:57:19.110,
38099,117016,2023-03-05 18:49:49.073,2023-03-05 19:10:53.110,C,105.0000,105.0000,2023-03-05 19:10:53.790,
38100,117017,2023-03-05 18:50:30.693,2023-03-05 19:05:49.363,W,45.0000,45.0000,2023-03-05 19:05:50.040,
38101,117018,2023-03-05 19:12:03.553,2023-03-05 20:33:34.807,CF,480.0000,480.0000,2023-03-05 20:33:35.510,
38102,117019,2023-03-05 19:18:44.693,2023-03-05 19:20:57.347,OUT,,,2023-03-05 19:20:57.347,
38103,117020,2023-03-05 19:21:06.040,2023-03-05 19:23:18.423,OUT,345.0000,345.0000,2023-03-05 19:23:19.040,
38104,117021,2023-03-05 19:27:14.807,2023-03-05 20:20:19.530,RR,220.0000,220.0000,2023-03-05 20:20:20.263,
38105,117022,2023-03-05 19:40:56.550,2023-03-05 20:50:44.790,Q11,625.0000,625.0000,2023-03-05 20:50:45.557,
38106,117023,2023-03-05 19:54:25.023,2023-03-05 20:31:06.210,"1609",210.0000,210.0000,2023-03-05 20:31:06.907,
38107,117024,2023-03-05 20:57:59.270,2023-03-05 21:40:06.947,R1,210.0000,210.0000,2023-03-05 21:40:07.513,
38108,117025,2023-03-05 21:13:07.367,2023-03-05 22:33:09.303,R2,510.0000,510.0000,2023-03-05 22:33:09.383,
38109,117026,2023-03-05 21:21:22.583,2023-03-05 22:09:48.407,MOD,,,2023-03-05 22:09:48.483,
38110,117027,2023-03-05 21:26:22.193,2023-03-05 22:36:18.760,R4,420.0000,420.0000,2023-03-05 22:36:18.823,
38111,117028,2023-03-05 21:35:27.980,2023-03-05 22:09:08.177,T@BOSS,255.0000,255.0000,2023-03-05 22:09:08.897,
38112,117029,2023-03-05 21:35:43.390,2023-03-05 22:35:14.057,Q11,75.0000,75.0000,2023-03-05 22:35:14.783,
38113,117030,2023-03-05 21:44:57.053,2023-03-05 22:46:47.807,R5,335.0000,335.0000,2023-03-05 22:46:48.477,
38114,117031,2023-03-05 21:45:30.873,2023-03-05 22:33:32.120,C1,75.0000,75.0000,2023-03-05 22:33:32.807,
38115,117032,2023-03-05 21:59:38.177,2023-03-05 22:44:30.807,R6,225.0000,225.0000,2023-03-05 22:44:31.493,
38116,117033,2023-03-05 22:15:45.070,2023-03-05 22:45:18.547,T2,160.0000,160.0000,2023-03-05 22:45:19.237,
38117,117034,2023-03-05 23:29:40.177,2023-03-06 00:56:54.157,NIGHT@J1,60.0000,60.0000,2023-03-06 00:56:54.860,
38118,117035,2023-03-06 04:45:11.367,2023-03-06 04:45:50.657,J,,,2023-03-06 04:45:50.657,
38119,117036,2023-03-06 08:11:11.093,2023-03-06 09:33:08.093,ANN1,65.0000,65.0000,2023-03-06 09:33:08.783,
38120,117037,2023-03-06 09:02:49.430,2023-03-06 09:31:40.807,"1",230.0000,230.0000,2023-03-06 09:31:41.587,
38121,117038,2023-03-06 11:16:41.360,2023-03-06 11:17:21.473,ANN2,80.0000,80.0000,2023-03-06 11:17:22.177,
38122,117039,2023-03-06 11:27:08.930,2023-03-06 11:33:31.047,"1",20.0000,20.0000,2023-03-06 11:33:31.733,
38123,117040,2023-03-06 11:27:43.427,2023-03-06 11:29:43.197,Q54,220.0000,220.0000,2023-03-06 11:29:43.903,
38124,117041,2023-03-06 11:40:29.430,2023-03-06 12:14:30.743,"4",15.0000,15.0000,2023-03-06 12:14:31.447,
38125,117042,2023-03-06 12:29:02.043,2023-03-06 13:49:51.173,ABTE,485.0000,485.0000,2023-03-06 13:49:51.940,
38126,117043,2023-03-06 12:30:01.530,2023-03-06 12:57:09.967,Q11,110.0000,110.0000,2023-03-06 12:57:10.673,
38127,117044,2023-03-06 12:33:18.380,2023-03-06 13:50:24.383,ANN3,90.0000,90.0000,2023-03-06 13:50:25.063,
38128,117045,2023-03-06 12:48:41.657,2023-03-06 14:17:12.263,ANN4,350.0000,350.0000,2023-03-06 14:17:12.977,
38129,117046,2023-03-06 12:59:42.360,2023-03-06 13:51:14.307,ANN5,105.0000,105.0000,2023-03-06 13:51:14.987,
38130,117047,2023-03-06 13:00:03.417,2023-03-06 14:13:48.680,ANN6,105.0000,105.0000,2023-03-06 14:13:49.360,
38131,117048,2023-03-06 13:15:56.743,2023-03-06 14:20:39.877,"1",175.0000,175.0000,2023-03-06 14:20:40.583,
38132,117049,2023-03-06 13:18:36.607,2023-03-06 14:00:30.510,ANN7,60.0000,60.0000,2023-03-06 14:00:30.573,
38133,117050,2023-03-06 13:18:59.500,2023-03-06 14:14:09.457,ANN8,135.0000,135.0000,2023-03-06 14:14:10.130,
38134,117051,2023-03-06 13:21:30.920,2023-03-06 13:31:36.740,U,80.0000,80.0000,2023-03-06 13:31:37.430,
38135,117052,2023-03-06 13:27:47.717,2023-03-06 13:56:31.897,"8",40.0000,40.0000,2023-03-06 13:56:32.600,
38136,117053,2023-03-06 13:41:01.470,2023-03-06 14:19:25.137,OUT,250.0000,250.0000,2023-03-06 14:19:25.837,
38137,117054,2023-03-06 13:45:22.007,2023-03-06 14:13:05.053,ANN9,15.0000,15.0000,2023-03-06 14:13:05.717,
38138,117055,2023-03-06 13:47:51.390,2023-03-06 13:49:20.067,POOL,320.0000,320.0000,2023-03-06 13:49:20.737,
38139,117056,2023-03-06 14:00:10.910,2023-03-06 14:13:23.797,ANN10,15.0000,15.0000,2023-03-06 14:13:24.473,
38140,117057,2023-03-06 14:17:53.793,2023-03-06 14:19:58.330,FRJF,30.0000,30.0000,2023-03-06 14:19:59.040,
38141,117058,2023-03-06 14:32:06.927,2023-03-06 15:00:29.570,J1,135.0000,135.0000,2023-03-06 15:00:30.277,
38142,117059,2023-03-06 14:35:39.067,2023-03-06 14:51:31.710,J2,15.0000,15.0000,2023-03-06 14:51:32.443,
38143,117060,2023-03-06 14:43:51.963,2023-03-06 14:44:16.630,J,,,2023-03-06 14:44:16.633,
38144,117061,2023-03-06 14:53:09.727,2023-03-06 15:31:44.353,C1,170.0000,170.0000,2023-03-06 15:31:44.430,
38145,117062,2023-03-06 15:04:08.850,2023-03-06 16:43:47.297,J1,245.0000,245.0000,2023-03-06 16:43:47.373,
38146,117063,2023-03-06 15:07:20.513,2023-03-06 17:44:44.107,R1,370.0000,370.0000,2023-03-06 17:44:44.813,
38147,117064,2023-03-06 15:19:14.133,2023-03-06 18:34:38.147,J20,305.0000,305.0000,2023-03-06 18:34:38.210,
38148,117065,2023-03-06 15:27:09.917,2023-03-06 15:57:04.030,C4,170.0000,170.0000,2023-03-06 15:57:04.733,
38149,117066,2023-03-06 15:34:38.933,2023-03-06 17:44:29.533,R2,305.0000,305.0000,2023-03-06 17:44:30.237,
38150,117067,2023-03-06 15:42:04.460,2023-03-06 17:37:36.427,AJ1,215.0000,215.0000,2023-03-06 17:37:36.487,
38151,117068,2023-03-06 15:56:50.490,2023-03-06 17:37:27.997,AJ2,150.0000,150.0000,2023-03-06 17:37:28.060,
38152,117069,2023-03-06 16:02:37.573,2023-03-06 17:43:37.463,R3,105.0000,105.0000,2023-03-06 17:43:38.153,
38153,117070,2023-03-06 16:03:50.337,2023-03-06 19:54:50.943,C1,195.0000,195.0000,2023-03-06 19:54:51.630,
38154,117071,2023-03-06 16:04:43.803,2023-03-06 17:07:10.337,AJ3,90.0000,90.0000,2023-03-06 17:07:10.400,
38155,117072,2023-03-06 16:05:25.243,2023-03-06 16:29:13.987,AJ4,75.0000,75.0000,2023-03-06 16:29:14.693,
38156,117073,2023-03-06 16:08:54.597,2023-03-06 16:08:59.940,AJ5,,,2023-03-06 16:08:59.940,
38157,117074,2023-03-06 16:13:51.490,2023-03-06 20:02:28.440,R4,230.0000,230.0000,2023-03-06 20:02:28.550,
38158,117075,2023-03-06 16:39:16.107,2023-03-06 16:44:49.390,J2,80.0000,80.0000,2023-03-06 16:44:50.097,
38159,117076,2023-03-06 16:48:25.577,2023-03-06 16:54:25.917,T,,,2023-03-06 16:54:25.997,
38160,117077,2023-03-06 16:50:53.103,2023-03-06 20:51:16.893,MOD,,,2023-03-06 20:51:16.957,
38161,117078,2023-03-06 16:52:12.047,2023-03-06 22:38:36.583,HR,,,2023-03-06 22:38:36.663,
38162,117079,2023-03-06 17:04:26.120,2023-03-06 18:35:09.267,J21,420.0000,420.0000,2023-03-06 18:35:09.347,
38163,117080,2023-03-06 17:07:25.220,2023-03-06 22:02:23.793,,,,2023-03-06 22:02:23.870,
38164,117081,2023-03-06 17:08:12.417,2023-03-06 17:31:13.150,AJ3,105.0000,105.0000,2023-03-06 17:31:13.870,
38165,117082,2023-03-06 17:08:58.307,2023-03-06 17:09:15.687,R5,,,2023-03-06 17:09:15.687,
38166,117083,2023-03-06 17:16:01.267,2023-03-06 20:02:51.307,R6,195.0000,195.0000,2023-03-06 20:02:52.010,
38167,117084,2023-03-06 17:19:05.557,2023-03-06 19:29:30.223,AJ4,160.0000,160.0000,2023-03-06 19:29:30.287,
38168,117085,2023-03-06 17:30:38.150,2023-03-06 18:33:13.623,J3,425.0000,425.0000,2023-03-06 18:33:14.367,
38169,100304,2023-03-06 17:34:14.550,2023-03-06 17:34:59.167,KAIPTC,3000.0000,3000.0000,2023-03-06 17:34:59.790,
38170,117086,2023-03-06 17:44:03.770,2023-03-06 18:33:54.557,J5,105.0000,105.0000,2023-03-06 18:33:55.233,
38171,117087,2023-03-06 17:52:09.787,2023-03-06 17:52:25.380,J23,,,2023-03-06 17:52:25.383,
38172,117088,2023-03-06 17:54:09.297,2023-03-06 19:11:57.810,CR,310.0000,310.0000,2023-03-06 19:11:58.500,
38173,117089,2023-03-06 17:58:05.927,2023-03-06 19:28:26.710,AJ5,230.0000,230.0000,2023-03-06 19:28:27.383,
38174,117090,2023-03-06 17:59:47.480,2023-03-06 19:19:54.593,J24,339.0000,339.0000,2023-03-06 19:19:55.343,
38175,117091,2023-03-06 18:03:54.560,2023-03-06 20:45:34.263,CATHERINE ROOMS,,,2023-03-06 20:45:34.327,
38176,117092,2023-03-06 18:11:56.773,2023-03-06 22:22:18.667,BIRTHDAY,700.0000,700.0000,2023-03-06 22:22:19.370,
38177,117093,2023-03-06 18:15:44.210,2023-03-06 18:43:25.370,V,40.0000,40.0000,2023-03-06 18:43:26.057,
38178,117094,2023-03-06 18:28:45.820,2023-03-06 19:55:42.863,FF,615.0000,615.0000,2023-03-06 19:55:43.587,
38179,117095,2023-03-06 18:38:01.823,2023-03-06 19:48:36.497,J25,130.0000,130.0000,2023-03-06 19:48:37.207,
38180,117096,2023-03-06 18:39:01.900,2023-03-06 19:48:01.227,AJ1,345.0000,345.0000,2023-03-06 19:48:01.897,
38181,117097,2023-03-06 18:45:41.710,2023-03-06 19:59:43.163,AJ2,285.0000,285.0000,2023-03-06 19:59:43.867,
38182,117098,2023-03-06 19:02:15.833,2023-03-06 22:33:30.080,,,,2023-03-06 22:33:30.173,
38183,117099,2023-03-06 19:06:00.503,2023-03-06 19:29:01.087,AJ3,110.0000,110.0000,2023-03-06 19:29:01.757,
38184,117100,2023-03-06 19:20:29.347,2023-03-06 22:07:11.780,,,,2023-03-06 22:07:11.863,
38185,117101,2023-03-06 19:33:35.423,2023-03-06 20:43:19.243,J26,195.0000,195.0000,2023-03-06 20:43:19.307,
38186,117102,2023-03-06 19:44:52.697,2023-03-06 20:41:27.240,J27,305.0000,305.0000,2023-03-06 20:41:27.957,
38187,117103,2023-03-06 20:04:42.420,2023-03-06 22:39:18.537,DD,395.0000,395.0000,2023-03-06 22:39:19.270,
38188,117104,2023-03-06 20:12:25.060,2023-03-06 20:12:32.500,J28,40.0000,40.0000,2023-03-06 20:12:33.203,
38189,117105,2023-03-06 20:21:03.737,2023-03-06 21:00:17.313,J29,25.0000,25.0000,2023-03-06 21:00:18.010,
38190,117106,2023-03-06 20:47:48.117,2023-03-06 22:12:26.453,J30,280.0000,280.0000,2023-03-06 22:12:27.127,
38191,117107,2023-03-06 21:05:46.827,2023-03-06 22:13:55.593,R5,200.0000,200.0000,2023-03-06 22:13:56.280,
38192,117108,2023-03-06 21:06:12.820,2023-03-06 22:12:03.650,J31,120.0000,120.0000,2023-03-06 22:12:04.323,
38193,117109,2023-03-06 21:09:59.490,2023-03-06 21:54:04.567,J32,95.0000,95.0000,2023-03-06 21:54:05.270,
38194,117110,2023-03-06 21:23:53.267,2023-03-06 22:32:07.103,J34,265.0000,265.0000,2023-03-06 22:32:07.807,
38195,117111,2023-03-06 21:26:17.947,2023-03-06 21:26:35.937,"55",,,2023-03-06 21:26:35.937,
38196,117112,2023-03-06 21:26:51.083,2023-03-06 22:08:19.960,J12,165.0000,165.0000,2023-03-06 22:08:20.663,
38197,117113,2023-03-06 21:27:30.210,2023-03-06 22:14:32.967,C3,270.0000,270.0000,2023-03-06 22:14:33.047,
38198,117114,2023-03-06 21:37:30.397,2023-03-06 22:35:09.497,J35,514.0000,514.0000,2023-03-06 22:35:10.210,
38199,117115,2023-03-06 21:41:46.327,2023-03-06 22:39:26.890,F,105.0000,105.0000,2023-03-06 22:39:27.577,
38200,117116,2023-03-06 21:43:28.357,2023-03-06 22:28:00.400,J36,155.0000,155.0000,2023-03-06 22:28:00.477,
38201,117117,2023-03-06 21:49:57.110,2023-03-06 22:03:29.597,J13,,,2023-03-06 21:51:49.593,
38202,117118,2023-03-06 21:55:12.883,2023-03-06 22:25:45.860,RR,355.0000,355.0000,2023-03-06 22:25:46.593,
38203,117119,2023-03-06 21:56:48.597,2023-03-06 22:02:13.063,,,,2023-03-06 22:02:13.150,
38204,117120,2023-03-07 10:39:06.183,2023-03-07 10:52:38.247,WAYNE,20.0000,20.0000,2023-03-07 10:52:39.527,
38205,117121,2023-03-07 11:06:44.173,2023-03-07 11:14:42.740,B5,60.0000,60.0000,2023-03-07 11:14:43.477,
38206,117122,2023-03-07 11:11:44.267,2023-03-07 21:50:06.763,,,,2023-03-07 21:50:06.840,
38207,117123,2023-03-07 11:17:06.873,2023-03-07 20:31:31.500,AF,20.0000,20.0000,2023-03-07 20:31:31.643,
38208,117124,2023-03-07 12:16:16.167,2023-03-07 12:21:44.570,E1,50.0000,50.0000,2023-03-07 12:21:45.273,
38209,117125,2023-03-07 12:17:38.310,2023-03-07 14:05:34.130,B1,30.0000,30.0000,2023-03-07 14:05:34.827,
38210,117126,2023-03-07 14:30:12.437,2023-03-07 15:03:49.847,N1,160.0000,160.0000,2023-03-07 15:03:49.923,
38211,117127,2023-03-07 14:39:25.273,2023-03-07 14:42:55.800,N2,25.0000,25.0000,2023-03-07 14:42:56.507,
38212,117128,2023-03-07 15:09:12.033,2023-03-07 15:58:09.587,N3,90.0000,90.0000,2023-03-07 15:58:10.327,
38213,117129,2023-03-07 15:59:54.180,2023-03-07 18:46:36.580,GM,,,2023-03-07 18:46:36.643,
38214,117130,2023-03-07 17:20:33.460,2023-03-07 17:45:51.440,FFF,65.0000,65.0000,2023-03-07 17:45:52.027,
38215,117131,2023-03-07 17:47:53.657,2023-03-07 19:03:14.957,N4,260.0000,260.0000,2023-03-07 19:03:15.537,
38216,117132,2023-03-07 18:51:40.323,2023-03-07 18:58:15.563,HOD   HR,,,2023-03-07 18:58:15.643,
38217,117133,2023-03-07 19:21:00.490,2023-03-07 21:45:18.107,J1,215.0000,215.0000,2023-03-07 21:45:18.813,
38218,117134,2023-03-07 19:48:29.700,2023-03-07 20:09:38.957,CATH,,,2023-03-07 20:09:39.037,
38219,117135,2023-03-07 19:54:19.333,2023-03-07 19:55:15.977,OUT,105.0000,105.0000,2023-03-07 19:55:16.570,
38220,117136,2023-03-07 19:56:07.917,2023-03-07 19:56:17.413,J2,,,2023-03-07 19:56:17.413,
38221,117137,2023-03-07 19:59:43.443,2023-03-07 21:46:34.750,J2,130.0000,130.0000,2023-03-07 21:46:35.420,
38222,117138,2023-03-07 20:05:37.900,2023-03-07 21:47:16.167,J4,325.0000,325.0000,2023-03-07 21:47:16.890,
38223,117139,2023-03-07 20:28:34.153,2023-03-07 20:31:52.177,MOD,,,2023-03-07 20:31:52.287,
38224,117140,2023-03-07 20:35:35.237,2023-03-07 21:48:10.850,J5,210.0000,210.0000,2023-03-07 21:48:11.540,
38225,117141,2023-03-07 20:44:13.917,2023-03-07 20:47:40.847,RR,60.0000,60.0000,2023-03-07 20:47:41.550,
38226,117142,2023-03-07 20:56:48.590,2023-03-07 21:48:31.607,J6,40.0000,40.0000,2023-03-07 21:48:32.293,
38227,117143,2023-03-07 20:57:18.387,2023-03-07 21:45:55.417,J7,185.0000,185.0000,2023-03-07 21:45:56.097,
38228,117144,2023-03-08 09:02:46.363,2023-03-08 11:59:35.093,E1,,,2023-03-08 11:59:35.203,
38229,117145,2023-03-08 10:44:01.203,2023-03-08 12:20:31.187,B2,235.0000,235.0000,2023-03-08 12:20:31.267,
38230,117146,2023-03-08 10:59:14.527,2023-03-08 12:02:39.577,B3,40.0000,40.0000,2023-03-08 12:02:39.640,
38231,117147,2023-03-08 11:51:27.893,2023-03-08 11:58:24.607,B6,20.0000,20.0000,2023-03-08 11:58:28.277,
38232,117148,2023-03-08 12:51:46.773,2023-03-08 13:09:56.403,B8,40.0000,40.0000,2023-03-08 13:09:57.107,
38233,117149,2023-03-08 13:32:52.923,2023-03-08 13:36:24.887,B7,20.0000,20.0000,2023-03-08 13:36:25.603,
38234,117150,2023-03-08 13:42:47.690,2023-03-08 13:44:49.957,ANN1,320.0000,320.0000,2023-03-08 13:44:50.640,
38235,117151,2023-03-08 14:09:53.950,2023-03-08 15:08:03.107,ANN2,345.0000,345.0000,2023-03-08 15:08:03.183,
38236,117152,2023-03-08 14:16:05.453,2023-03-08 15:00:11.090,B5,60.0000,60.0000,2023-03-08 15:00:11.760,
38237,117153,2023-03-08 14:18:53.570,2023-03-08 15:15:41.277,ANN3,490.0000,490.0000,2023-03-08 15:15:41.370,
38238,117154,2023-03-08 14:30:40.980,2023-03-09 12:14:46.400,MAD@AFIA,15.0000,15.0000,2023-03-09 12:14:47.107,
38239,117155,2023-03-08 14:47:12.613,2023-03-08 14:50:35.997,B9,40.0000,40.0000,2023-03-08 14:50:36.690,
38240,117156,2023-03-08 14:47:43.643,2023-03-08 15:35:59.707,N1,140.0000,140.0000,2023-03-08 15:36:00.417,
38241,117157,2023-03-08 15:06:01.887,2023-03-08 15:15:28.837,,30.0000,30.0000,2023-03-08 15:15:28.900,
38242,117158,2023-03-08 15:20:05.023,2023-03-08 16:02:02.630,ANN4,325.0000,325.0000,2023-03-08 16:02:03.330,
38243,117159,2023-03-08 15:30:38.583,2023-03-08 16:09:45.010,ANN5,80.0000,80.0000,2023-03-08 16:09:45.070,
38244,117160,2023-03-08 15:39:02.673,2023-03-08 15:40:29.133,N2,20.0000,20.0000,2023-03-08 15:40:29.827,
38245,117161,2023-03-08 15:44:13.327,2023-03-08 16:04:11.020,GHANA WATER,,,2023-03-08 16:04:11.097,
38246,117162,2023-03-08 16:19:51.213,2023-03-08 16:49:36.447,ANN5,75.0000,75.0000,2023-03-08 16:49:37.103,
38247,117163,2023-03-08 17:00:09.643,2023-03-08 17:02:51.850,N3,35.0000,35.0000,2023-03-08 17:02:52.520,
38248,117164,2023-03-08 17:38:26.340,2023-03-08 17:40:57.490,T,25.0000,25.0000,2023-03-08 17:40:58.180,
38249,117165,2023-03-08 18:10:57.750,2023-03-08 18:11:59.510,ANN6,45.0000,45.0000,2023-03-08 18:12:00.210,
38250,117166,2023-03-08 18:33:17.367,2023-03-08 19:21:04.680,RR,60.0000,60.0000,2023-03-08 19:21:05.400,
38251,117167,2023-03-08 18:34:57.297,2023-03-08 18:35:26.203,A1,,,2023-03-08 18:35:26.203,
38252,117168,2023-03-08 18:40:47.857,2023-03-08 19:20:48.010,A1,195.0000,195.0000,2023-03-08 19:20:48.690,
38253,117169,2023-03-08 18:42:26.513,2023-03-08 18:49:27.937,ANN8,50.0000,50.0000,2023-03-08 18:49:28.640,
38254,117170,2023-03-08 18:47:21.350,2023-03-08 18:50:34.547,ANN9,25.0000,25.0000,2023-03-08 18:50:35.233,
38255,117171,2023-03-08 18:53:03.573,2023-03-08 18:55:39.670,J1,65.0000,65.0000,2023-03-08 18:55:40.353,
38256,117172,2023-03-08 19:02:53.427,2023-03-08 19:03:36.590,A2,,,2023-03-08 19:03:36.590,
38257,117173,2023-03-08 19:03:48.530,2023-03-08 19:25:36.473,A2,165.0000,165.0000,2023-03-08 19:25:36.533,
38258,117174,2023-03-08 19:06:26.993,2023-03-08 19:07:38.320,GH,95.0000,95.0000,2023-03-08 19:07:39.027,
38259,117175,2023-03-08 19:26:43.757,2023-03-08 19:27:03.937,YG,15.0000,15.0000,2023-03-08 19:27:04.587,
38260,117176,2023-03-08 19:43:02.703,2023-03-08 20:03:13.100,CATHERINE,,,2023-03-08 20:03:13.160,
38261,117177,2023-03-08 20:08:10.720,2023-03-08 20:09:28.047,ANN9,30.0000,30.0000,2023-03-08 20:09:28.730,
38262,117178,2023-03-08 20:11:27.657,2023-03-08 21:26:39.320,A3,170.0000,170.0000,2023-03-08 21:26:39.997,
38263,117179,2023-03-08 20:18:16.993,2023-03-08 20:21:31.727,EE,,,2023-03-08 20:21:31.727,
38264,117180,2023-03-08 20:24:20.337,2023-03-08 21:16:40.810,A4,550.0000,550.0000,2023-03-08 21:16:41.527,
38265,117181,2023-03-08 20:27:06.027,2023-03-08 21:18:18.987,A5,105.0000,105.0000,2023-03-08 21:18:19.707,
38266,117182,2023-03-08 20:41:11.487,2023-03-08 20:44:26.470,A6,20.0000,20.0000,2023-03-08 20:44:27.163,
38267,117183,2023-03-08 20:43:05.227,2023-03-08 21:17:10.673,R1,50.0000,50.0000,2023-03-08 21:17:11.377,
38268,117184,2023-03-08 20:47:42.097,2023-03-08 20:48:25.010,EB,15.0000,15.0000,2023-03-08 20:48:25.693,
38269,117185,2023-03-08 20:49:47.563,2023-03-08 20:52:13.227,TN,,,2023-03-08 20:52:13.227,
38270,117186,2023-03-08 20:52:32.990,2023-03-08 20:53:19.850,Y,,,2023-03-08 20:53:19.850,
38271,117187,2023-03-08 20:55:29.870,2023-03-08 22:07:57.893,GGG,,,2023-03-08 22:07:57.953,
38272,117188,2023-03-08 21:09:04.163,2023-03-08 21:09:45.600,TH,,,2023-03-08 21:09:45.617,
38273,117189,2023-03-08 21:13:44.513,2023-03-08 21:14:53.177,,30.0000,30.0000,2023-03-08 21:14:53.837,
38274,117190,2023-03-08 21:14:22.060,2023-03-08 21:18:58.747,ANN10,25.0000,25.0000,2023-03-08 21:18:59.437,
38275,117191,2023-03-08 21:13:58.037,2023-03-08 21:14:40.130,TG,,,2023-03-08 21:14:40.130,
38276,117192,2023-03-08 21:19:40.857,2023-03-08 21:25:02.960,GG,14.0000,14.0000,2023-03-08 21:25:03.663,
38277,117193,2023-03-08 21:28:20.020,2023-03-08 21:39:30.107,MOD  SHEBRA,,,2023-03-08 21:39:30.230,
38278,117194,2023-03-08 21:29:40.373,2023-03-08 21:33:00.473,JJC,130.0000,130.0000,2023-03-08 21:33:01.177,
38279,117195,2023-03-08 21:30:06.543,2023-03-08 21:34:28.947,J2,30.0000,30.0000,2023-03-08 21:34:29.610,
38280,117196,2023-03-08 21:32:10.667,2023-03-08 21:34:41.500,J3,30.0000,30.0000,2023-03-08 21:34:42.193,
38281,117197,2023-03-08 21:35:51.887,2023-03-08 21:38:35.927,GH,,,2023-03-08 21:38:35.927,
38282,100305,2023-03-08 21:39:11.750,2023-03-08 21:41:38.817,CAGD,117236.0000,117236.0000,2023-03-08 21:41:39.307,
38283,117198,2023-03-08 21:46:04.267,2023-03-08 21:46:31.003,J1,,,2023-03-08 21:46:31.003,
38284,117199,2023-03-08 21:54:15.993,2023-03-08 21:57:00.603,R2,50.0000,50.0000,2023-03-08 21:57:00.667,
38285,117200,2023-03-08 22:22:47.817,2023-03-08 22:23:05.963,ANN11,90.0000,90.0000,2023-03-08 22:23:06.650,
38286,3016,2023-03-08 22:26:40.560,2023-03-08 22:26:43.763,ANN11,,,2023-03-08 22:26:43.843,
38287,117201,2023-03-08 22:29:06.547,2023-03-08 22:29:54.820,W,,,2023-03-08 22:29:54.820,
38288,117202,2023-03-09 08:08:17.457,2023-03-09 08:08:43.467,COST,,,2023-03-09 08:08:43.467,
38289,117203,2023-03-09 08:26:54.917,2023-03-09 09:03:41.937,"3",125.0000,125.0000,2023-03-09 09:03:42.677,
38290,117204,2023-03-09 08:28:49.930,2023-03-09 13:17:26.370,"6201",10.0000,10.0000,2023-03-09 13:17:27.037,
38291,117205,2023-03-09 08:55:08.457,2023-03-10 00:14:20.830,"1",,,2023-03-10 00:14:20.900,
38292,117206,2023-03-09 11:04:47.767,2023-03-09 11:07:04.767,"3",110.0000,110.0000,2023-03-09 11:07:05.473,
38293,117207,2023-03-09 11:41:16.397,2023-03-09 15:35:52.663,B1,30.0000,30.0000,2023-03-09 15:35:53.357,
38294,117208,2023-03-09 11:53:27.350,2023-03-09 19:41:37.617,SIS,125.0000,125.0000,2023-03-09 19:41:38.310,
38295,117209,2023-03-09 12:38:53.670,2023-03-09 12:39:29.240,WATER,30.0000,30.0000,2023-03-09 12:39:29.917,
38296,117210,2023-03-09 12:52:35.163,2023-03-09 13:21:45.940,E,15.0000,15.0000,2023-03-09 13:21:46.617,
38297,117211,2023-03-09 12:54:53.917,2023-03-09 12:55:06.573,,,,2023-03-09 12:55:06.573,
38298,117212,2023-03-09 13:10:26.347,2023-03-09 13:10:41.947,WATER,15.0000,15.0000,2023-03-09 13:10:42.593,
38299,117213,2023-03-09 13:41:46.750,2023-03-09 13:42:47.727,,35.0000,35.0000,2023-03-09 13:42:48.410,
38300,117214,2023-03-09 14:19:24.977,2023-03-09 14:19:29.473,G,,,2023-03-09 14:19:29.473,
38301,117215,2023-03-09 14:19:40.773,2023-03-10 09:19:47.657,KA,700.0000,700.0000,2023-03-10 09:19:48.117,
38302,117216,2023-03-09 14:23:25.150,2023-03-09 14:25:36.890,HJ,,,2023-03-09 14:25:36.890,
38303,117217,2023-03-09 14:24:07.127,2023-03-09 14:24:51.393,J,,,2023-03-09 14:24:51.393,
38304,117218,2023-03-09 14:45:28.847,2023-03-09 14:45:41.607,JJC,,,2023-03-09 14:45:41.607,
38305,300620,2023-03-09 15:10:08.823,2023-03-09 15:10:19.200,,,,2023-03-09 15:10:19.217,
38306,300621,2023-03-09 15:10:31.067,2023-03-09 15:10:36.747,FFF,,,2023-03-09 15:10:36.747,
38307,117219,2023-03-09 15:51:38.700,2023-03-09 19:41:10.597,N1,65.0000,65.0000,2023-03-09 19:41:11.303,
38308,117220,2023-03-09 15:53:07.890,2023-03-09 15:53:47.617,TM,,,2023-03-09 15:53:47.680,
38309,117221,2023-03-09 17:05:28.780,2023-03-09 17:06:58.860,TY,95.0000,95.0000,2023-03-09 17:06:59.513,
38310,117222,2023-03-09 17:13:43.660,2023-03-09 19:16:58.533,FG,955.0000,955.0000,2023-03-09 19:16:58.597,
38311,117223,2023-03-09 18:12:27.960,2023-03-09 18:15:37.807,TN,,,2023-03-09 18:15:37.853,
38312,117224,2023-03-09 18:14:22.313,2023-03-09 20:34:05.090,N2,470.0000,470.0000,2023-03-09 20:34:05.200,
38313,117225,2023-03-09 18:14:52.203,2023-03-09 18:24:12.060,N3,100.0000,100.0000,2023-03-09 18:24:12.653,
38314,117226,2023-03-09 18:23:00.980,2023-03-09 19:16:48.073,TG,185.0000,185.0000,2023-03-09 19:16:48.137,
38315,117227,2023-03-09 18:25:27.047,2023-03-09 19:24:17.833,N5,120.0000,120.0000,2023-03-09 19:24:18.537,
38316,117228,2023-03-09 18:45:08.573,2023-03-09 20:00:58.073,J1,240.0000,240.0000,2023-03-09 20:00:58.777,
38317,117229,2023-03-09 18:49:57.420,2023-03-09 19:33:50.983,N6,215.0000,215.0000,2023-03-09 19:33:51.703,
38318,117230,2023-03-09 18:54:24.030,2023-03-09 20:55:24.283,J2,320.0000,320.0000,2023-03-09 20:55:24.883,
38319,117231,2023-03-09 19:05:18.363,2023-03-09 20:56:33.000,J3,530.0000,530.0000,2023-03-09 20:56:33.620,
38320,117232,2023-03-09 19:07:26.097,2023-03-09 20:00:20.533,J4,230.0000,230.0000,2023-03-09 20:00:21.253,
38321,117233,2023-03-09 19:09:03.367,2023-03-09 19:12:19.670,R1,50.0000,50.0000,2023-03-09 19:12:20.370,
38322,117234,2023-03-09 19:24:56.087,2023-03-09 22:32:55.470,MOM,,,2023-03-09 22:32:56.240,
38323,117235,2023-03-09 19:27:55.170,2023-03-09 19:29:39.793,TM,25.0000,25.0000,2023-03-09 19:29:40.467,
38324,117236,2023-03-09 19:35:00.447,2023-03-09 19:48:52.023,ABIGAIL,175.0000,175.0000,2023-03-09 19:48:52.727,
38325,117237,2023-03-09 19:36:53.270,2023-03-09 19:37:16.677,TH,25.0000,25.0000,2023-03-09 19:37:17.347,
38326,300622,2023-03-09 19:50:03.677,2023-03-09 19:51:10.170,,,,2023-03-09 19:51:10.513,
38327,117238,2023-03-09 19:53:18.883,2023-03-09 20:08:58.423,CATH,,,2023-03-09 20:08:58.487,
38328,117239,2023-03-09 20:07:38.107,2023-03-09 20:08:01.683,GH,105.0000,105.0000,2023-03-09 20:08:02.360,
38329,117240,2023-03-09 20:35:42.000,2023-03-09 20:36:21.223,GY,,,2023-03-09 20:36:21.223,
38330,117241,2023-03-09 20:38:12.800,2023-03-09 20:49:52.640,HOD,,,2023-03-09 20:49:52.703,
38331,117242,2023-03-09 20:50:58.217,2023-03-09 21:52:01.300,MOD,,,2023-03-09 21:52:01.360,
38332,117243,2023-03-09 21:06:45.823,2023-03-09 22:16:47.097,G,370.0000,370.0000,2023-03-09 22:16:47.800,
38333,117244,2023-03-09 21:09:19.770,2023-03-09 22:17:27.067,J5,265.0000,265.0000,2023-03-09 22:17:27.790,
38334,100306,2023-03-09 21:35:41.333,2023-03-09 22:15:48.857,CAGD,413975.6200,413975.6000,2023-03-09 22:15:49.347,
38335,117245,2023-03-09 21:44:01.087,2023-03-09 23:09:44.487,PINK,105.0000,105.0000,2023-03-09 23:09:44.547,
38336,300623,2023-03-09 21:54:46.307,2023-03-09 22:09:18.927,NEW,64.0000,64.0000,2023-03-09 22:09:18.987,
38337,300624,2023-03-09 21:59:24.603,2023-03-09 22:20:39.817,NEW1,70.0000,70.0000,2023-03-09 22:20:40.503,
38338,100307,2023-03-09 22:18:18.343,,IRENE,,,2023-03-09 22:18:44.810,
38339,300625,2023-03-09 22:20:04.773,2023-03-10 00:14:35.103,GGG,100.0000,100.0000,2023-03-10 00:14:35.823,
38340,300626,2023-03-09 22:25:53.653,2023-03-09 23:17:33.940,AVRO,28.0000,28.0000,2023-03-09 23:17:33.987,
38341,300627,2023-03-09 22:29:38.617,2023-03-09 23:05:00.503,CCLUB,25.0000,25.0000,2023-03-09 23:05:01.190,
38342,300628,2023-03-09 22:35:15.283,2023-03-09 22:54:46.130,,50.0000,50.0000,2023-03-09 22:54:46.800,
38343,300629,2023-03-09 22:48:34.917,2023-03-09 22:49:39.857,TT,25.0000,25.0000,2023-03-09 22:49:40.547,
38344,300630,2023-03-09 23:20:47.300,2023-03-09 23:23:35.490,EV@SM,25.0000,25.0000,2023-03-09 23:23:35.537,
38345,300631,2023-03-09 23:23:47.130,2023-03-09 23:51:11.480,V,15.0000,15.0000,2023-03-09 23:51:12.247,
38346,300632,2023-03-09 23:26:39.327,2023-03-09 23:52:17.367,MEN,280.0000,280.0000,2023-03-09 23:52:18.067,
38347,300633,2023-03-09 23:30:49.240,2023-03-09 23:54:23.137,H,25.0000,25.0000,2023-03-09 23:54:23.827,
38348,300634,2023-03-09 23:50:31.840,2023-03-09 23:51:31.623,J,25.0000,25.0000,2023-03-09 23:51:32.297,
38349,300635,2023-03-09 23:59:57.277,2023-03-10 00:24:00.730,MEN2,150.0000,150.0000,2023-03-10 00:24:01.417,
38350,300636,2023-03-10 00:02:13.103,2023-03-10 00:14:55.863,JHN,25.0000,25.0000,2023-03-10 00:14:56.550,
38351,300637,2023-03-10 00:06:34.097,2023-03-10 00:16:57.710,EAVALOMO,,,2023-03-10 00:16:57.773,
38352,300638,2023-03-10 00:07:06.873,2023-03-10 00:08:53.400,ALOMO@EVANS,39.0000,39.0000,2023-03-10 00:08:54.090,
38353,300639,2023-03-10 00:53:48.177,2023-03-10 00:56:52.187,T,100.0000,100.0000,2023-03-10 00:56:52.877,
38354,117246,2023-03-10 05:19:09.313,2023-03-10 06:43:17.343,SOLO1,15.0000,15.0000,2023-03-10 06:43:18.093,
38355,117247,2023-03-10 08:16:49.883,2023-03-10 08:36:37.450,"1",125.0000,125.0000,2023-03-10 08:36:38.197,
38356,117248,2023-03-10 08:51:03.410,2023-03-10 08:53:09.070,,,,2023-03-10 08:53:09.070,
38357,117249,2023-03-10 09:45:10.880,2023-03-10 09:48:38.293,,,,2023-03-10 09:48:38.293,
38358,117250,2023-03-10 10:10:43.570,,"1",50.0000,,2023-03-10 14:03:54.617,50.0000
38359,117251,2023-03-10 10:23:11.797,2023-03-10 10:25:32.070,,,,2023-03-10 10:25:32.070,
38360,117252,2023-03-10 10:37:41.070,2023-03-10 10:38:37.883,,,,2023-03-10 10:38:37.883,
38361,117253,2023-03-10 10:40:03.493,2023-03-10 10:40:15.957,,,,2023-03-10 10:40:15.957,
38362,117254,2023-03-10 10:42:32.137,2023-03-10 10:42:43.003,,,,2023-03-10 10:42:43.003,
38363,117255,2023-03-10 10:43:43.727,2023-03-10 10:43:51.693,,,,2023-03-10 10:43:51.693,
38364,117256,2023-03-10 11:07:20.830,2023-03-10 11:07:38.050,GREY,,,2023-03-10 11:07:38.050,
38365,117257,2023-03-10 11:08:03.673,2023-03-10 11:14:46.357,WATER,15.0000,15.0000,2023-03-10 11:14:47.067,
38366,117258,2023-03-10 12:07:21.827,,B1,15.0000,,2023-03-10 12:08:44.673,15.0000
38367,117259,2023-03-10 12:17:44.697,2023-03-10 12:18:49.103,B3,15.0000,15.0000,2023-03-10 12:18:49.807,
38368,117260,2023-03-10 12:28:01.937,2023-03-10 12:45:12.793,,,,2023-03-10 12:45:12.793,
38369,117261,2023-03-10 12:36:32.823,,"4",125.0000,,2023-03-10 14:36:04.720,125.0000
38370,117262,2023-03-10 12:45:15.477,2023-03-10 12:47:04.637,,,,2023-03-10 12:47:04.637,
38371,117263,2023-03-10 12:49:18.587,2023-03-10 12:49:23.873,,,,2023-03-10 12:49:23.873,
38372,117264,2023-03-10 14:22:16.470,,IN,60.0000,,2023-03-10 14:22:25.143,60.0000
